name,length,head,tail,com,fm,audio,readability
fiear,5,fi,ear,AVAILABLE,UNVERIFIED,UNVERIFIED,1
aurear,6,aur,ear,AVAILABLE,UNVERIFIED,UNVERIFIED,1
dacaux,6,dac,aux,AVAILABLE,UNVERIFIED,UNVERIFIED,1
dacear,6,dac,ear,AVAILABLE,UNVERIFIED,UNVERIFIED,1
mixaux,6,mix,aux,AVAILABLE,UNVERIFIED,UNVERIFIED,1
waxear,6,wax,ear,AVAILABLE,UNVERIFIED,UNVERIFIED,1
ampaux,6,amp,aux,AVAILABLE,UNVERIFIED,UNVERIFIED,2
audark,6,aud,ark,AVAILABLE,UNVERIFIED,UNVERIFIED,2
aurkit,6,aur,kit,AVAILABLE,UNVERIFIED,UNVERIFIED,2
auxden,6,aux,den,AVAILABLE,UNVERIFIED,UNVERIFIED,2
dacark,6,dac,ark,AVAILABLE,UNVERIFIED,UNVERIFIED,2
dacden,6,dac,den,AVAILABLE,UNVERIFIED,UNVERIFIED,2
daclux,6,dac,lux,AVAILABLE,UNVERIFIED,UNVERIFIED,2
dacvox,6,dac,vox,AVAILABLE,UNVERIFIED,UNVERIFIED,2
earark,6,ear,ark,AVAILABLE,UNVERIFIED,UNVERIFIED,2
fiears,6,fi,ears,AVAILABLE,UNVERIFIED,UNVERIFIED,2
flacfi,6,flac,fi,AVAILABLE,UNVERIFIED,UNVERIFIED,2
octaux,6,oct,aux,AVAILABLE,UNVERIFIED,UNVERIFIED,2
octear,6,oct,ear,AVAILABLE,UNVERIFIED,UNVERIFIED,2
ohmarc,6,ohm,arc,AVAILABLE,UNVERIFIED,UNVERIFIED,2
ohmear,6,ohm,ear,AVAILABLE,UNVERIFIED,UNVERIFIED,2
phonfi,6,phon,fi,AVAILABLE,UNVERIFIED,UNVERIFIED,2
waxarc,6,wax,arc,AVAILABLE,UNVERIFIED,UNVERIFIED,2
waxark,6,wax,ark,AVAILABLE,UNVERIFIED,UNVERIFIED,2
waxvox,6,wax,vox,AVAILABLE,UNVERIFIED,UNVERIFIED,2
harkfi,6,hark,fi,AVAILABLE,UNVERIFIED,UNVERIFIED,3
harmfi,6,harm,fi,AVAILABLE,UNVERIFIED,UNVERIFIED,3
lossfi,6,loss,fi,AVAILABLE,UNVERIFIED,UNVERIFIED,3
noctfi,6,noct,fi,AVAILABLE,UNVERIFIED,UNVERIFIED,3
octbar,6,oct,bar,AVAILABLE,UNVERIFIED,UNVERIFIED,3
octden,6,oct,den,AVAILABLE,UNVERIFIED,UNVERIFIED,3
octvox,6,oct,vox,AVAILABLE,UNVERIFIED,UNVERIFIED,3
ohmvox,6,ohm,vox,AVAILABLE,UNVERIFIED,UNVERIFIED,3
apexaux,7,apex,aux,AVAILABLE,UNVERIFIED,UNVERIFIED,1
apexear,7,apex,ear,AVAILABLE,UNVERIFIED,UNVERIFIED,1
deciaux,7,deci,aux,AVAILABLE,UNVERIFIED,UNVERIFIED,1
deciear,7,deci,ear,AVAILABLE,UNVERIFIED,UNVERIFIED,1
etudefi,7,etude,fi,AVAILABLE,UNVERIFIED,UNVERIFIED,1
hifiaux,7,hifi,aux,AVAILABLE,UNVERIFIED,UNVERIFIED,1
hifiora,7,hifi,ora,AVAILABLE,UNVERIFIED,UNVERIFIED,1
kiloaux,7,kilo,aux,AVAILABLE,UNVERIFIED,UNVERIFIED,1
kiloden,7,kilo,den,AVAILABLE,UNVERIFIED,UNVERIFIED,1
kiloear,7,kilo,ear,AVAILABLE,UNVERIFIED,UNVERIFIED,1
kiloora,7,kilo,ora,AVAILABLE,UNVERIFIED,UNVERIFIED,1
monoaux,7,mono,aux,AVAILABLE,UNVERIFIED,UNVERIFIED,1
nanoaux,7,nano,aux,AVAILABLE,UNVERIFIED,UNVERIFIED,1
opusaux,7,opus,aux,AVAILABLE,UNVERIFIED,UNVERIFIED,1
opusear,7,opus,ear,AVAILABLE,UNVERIFIED,UNVERIFIED,1
reelaux,7,reel,aux,AVAILABLE,UNVERIFIED,UNVERIFIED,1
resoaux,7,reso,aux,AVAILABLE,UNVERIFIED,UNVERIFIED,1
resobar,7,reso,bar,AVAILABLE,UNVERIFIED,UNVERIFIED,1
resoear,7,reso,ear,AVAILABLE,UNVERIFIED,UNVERIFIED,1
resoera,7,reso,era,AVAILABLE,UNVERIFIED,UNVERIFIED,1
resoora,7,reso,ora,AVAILABLE,UNVERIFIED,UNVERIFIED,1
sineaux,7,sine,aux,AVAILABLE,UNVERIFIED,UNVERIFIED,1
sinekit,7,sine,kit,AVAILABLE,UNVERIFIED,UNVERIFIED,1
sonoaux,7,sono,aux,AVAILABLE,UNVERIFIED,UNVERIFIED,1
tapeaux,7,tape,aux,AVAILABLE,UNVERIFIED,UNVERIFIED,1
tapeear,7,tape,ear,AVAILABLE,UNVERIFIED,UNVERIFIED,1
tapeera,7,tape,era,AVAILABLE,UNVERIFIED,UNVERIFIED,1
toneaux,7,tone,aux,AVAILABLE,UNVERIFIED,UNVERIFIED,1
tonoaux,7,tono,aux,AVAILABLE,UNVERIFIED,UNVERIFIED,1
tonoden,7,tono,den,AVAILABLE,UNVERIFIED,UNVERIFIED,1
tonohub,7,tono,hub,AVAILABLE,UNVERIFIED,UNVERIFIED,1
tonokit,7,tono,kit,AVAILABLE,UNVERIFIED,UNVERIFIED,1
tonovox,7,tono,vox,AVAILABLE,UNVERIFIED,UNVERIFIED,1
tubeear,7,tube,ear,AVAILABLE,UNVERIFIED,UNVERIFIED,1
waveaux,7,wave,aux,AVAILABLE,UNVERIFIED,UNVERIFIED,1
auddeck,7,aud,deck,AVAILABLE,UNVERIFIED,UNVERIFIED,2
audform,7,aud,form,AVAILABLE,UNVERIFIED,UNVERIFIED,2
audhifi,7,aud,hifi,AVAILABLE,UNVERIFIED,UNVERIFIED,2
audloop,7,aud,loop,AVAILABLE,UNVERIFIED,UNVERIFIED,2
audmode,7,aud,mode,AVAILABLE,UNVERIFIED,UNVERIFIED,2
audnode,7,aud,node,AVAILABLE,UNVERIFIED,UNVERIFIED,2
audpath,7,aud,path,AVAILABLE,UNVERIFIED,UNVERIFIED,2
audroom,7,aud,room,AVAILABLE,UNVERIFIED,UNVERIFIED,2
audtone,7,aud,tone,AVAILABLE,UNVERIFIED,UNVERIFIED,2
audwerk,7,aud,werk,AVAILABLE,UNVERIFIED,UNVERIFIED,2
auralfi,7,aural,fi,AVAILABLE,UNVERIFIED,UNVERIFIED,2
aurgear,7,aur,gear,AVAILABLE,UNVERIFIED,UNVERIFIED,2
aurhifi,7,aur,hifi,AVAILABLE,UNVERIFIED,UNVERIFIED,2
aurmode,7,aur,mode,AVAILABLE,UNVERIFIED,UNVERIFIED,2
aurpath,7,aur,path,AVAILABLE,UNVERIFIED,UNVERIFIED,2
aurtone,7,aur,tone,AVAILABLE,UNVERIFIED,UNVERIFIED,2
aurwerk,7,aur,werk,AVAILABLE,UNVERIFIED,UNVERIFIED,2
auxears,7,aux,ears,AVAILABLE,UNVERIFIED,UNVERIFIED,2
auxhifi,7,aux,hifi,AVAILABLE,UNVERIFIED,UNVERIFIED,2
auxpath,7,aux,path,AVAILABLE,UNVERIFIED,UNVERIFIED,2
auxsync,7,aux,sync,AVAILABLE,UNVERIFIED,UNVERIFIED,2
auxtone,7,aux,tone,AVAILABLE,UNVERIFIED,UNVERIFIED,2
auxwerk,7,aux,werk,AVAILABLE,UNVERIFIED,UNVERIFIED,2
beldeck,7,bel,deck,AVAILABLE,UNVERIFIED,UNVERIFIED,2
belears,7,bel,ears,AVAILABLE,UNVERIFIED,UNVERIFIED,2
belpath,7,bel,path,AVAILABLE,UNVERIFIED,UNVERIFIED,2
belwerk,7,bel,werk,AVAILABLE,UNVERIFIED,UNVERIFIED,2
cansaux,7,cans,aux,AVAILABLE,UNVERIFIED,UNVERIFIED,2
daccast,7,dac,cast,AVAILABLE,UNVERIFIED,UNVERIFIED,2
dacdeck,7,dac,deck,AVAILABLE,UNVERIFIED,UNVERIFIED,2
dacears,7,dac,ears,AVAILABLE,UNVERIFIED,UNVERIFIED,2
dacform,7,dac,form,AVAILABLE,UNVERIFIED,UNVERIFIED,2
dacmode,7,dac,mode,AVAILABLE,UNVERIFIED,UNVERIFIED,2
dacnode,7,dac,node,AVAILABLE,UNVERIFIED,UNVERIFIED,2
dactone,7,dac,tone,AVAILABLE,UNVERIFIED,UNVERIFIED,2
deciarc,7,deci,arc,AVAILABLE,UNVERIFIED,UNVERIFIED,2
deciark,7,deci,ark,AVAILABLE,UNVERIFIED,UNVERIFIED,2
earbyte,7,ear,byte,AVAILABLE,UNVERIFIED,UNVERIFIED,2
eardesk,7,ear,desk,AVAILABLE,UNVERIFIED,UNVERIFIED,2
echoaux,7,echo,aux,AVAILABLE,UNVERIFIED,UNVERIFIED,2
flacarc,7,flac,arc,AVAILABLE,UNVERIFIED,UNVERIFIED,2
flacark,7,flac,ark,AVAILABLE,UNVERIFIED,UNVERIFIED,2
flacaux,7,flac,aux,AVAILABLE,UNVERIFIED,UNVERIFIED,2
flacbar,7,flac,bar,AVAILABLE,UNVERIFIED,UNVERIFIED,2
flacbit,7,flac,bit,AVAILABLE,UNVERIFIED,UNVERIFIED,2
flacden,7,flac,den,AVAILABLE,UNVERIFIED,UNVERIFIED,2
flacear,7,flac,ear,AVAILABLE,UNVERIFIED,UNVERIFIED,2
flacera,7,flac,era,AVAILABLE,UNVERIFIED,UNVERIFIED,2
flackit,7,flac,kit,AVAILABLE,UNVERIFIED,UNVERIFIED,2
flaclux,7,flac,lux,AVAILABLE,UNVERIFIED,UNVERIFIED,2
flacvox,7,flac,vox,AVAILABLE,UNVERIFIED,UNVERIFIED,2
flacway,7,flac,way,AVAILABLE,UNVERIFIED,UNVERIFIED,2
harkarc,7,hark,arc,AVAILABLE,UNVERIFIED,UNVERIFIED,2
harkaux,7,hark,aux,AVAILABLE,UNVERIFIED,UNVERIFIED,2
harmarc,7,harm,arc,AVAILABLE,UNVERIFIED,UNVERIFIED,2
harmaux,7,harm,aux,AVAILABLE,UNVERIFIED,UNVERIFIED,2
hifiark,7,hifi,ark,AVAILABLE,UNVERIFIED,UNVERIFIED,2
lossarc,7,loss,arc,AVAILABLE,UNVERIFIED,UNVERIFIED,2
lossark,7,loss,ark,AVAILABLE,UNVERIFIED,UNVERIFIED,2
lossaux,7,loss,aux,AVAILABLE,UNVERIFIED,UNVERIFIED,2
lossear,7,loss,ear,AVAILABLE,UNVERIFIED,UNVERIFIED,2
lossera,7,loss,era,AVAILABLE,UNVERIFIED,UNVERIFIED,2
lushaux,7,lush,aux,AVAILABLE,UNVERIFIED,UNVERIFIED,2
mixhifi,7,mix,hifi,AVAILABLE,UNVERIFIED,UNVERIFIED,2
noctarc,7,noct,arc,AVAILABLE,UNVERIFIED,UNVERIFIED,2
noctaux,7,noct,aux,AVAILABLE,UNVERIFIED,UNVERIFIED,2
phonaux,7,phon,aux,AVAILABLE,UNVERIFIED,UNVERIFIED,2
phonbar,7,phon,bar,AVAILABLE,UNVERIFIED,UNVERIFIED,2
phonbit,7,phon,bit,AVAILABLE,UNVERIFIED,UNVERIFIED,2
phonvox,7,phon,vox,AVAILABLE,UNVERIFIED,UNVERIFIED,2
resoarc,7,reso,arc,AVAILABLE,UNVERIFIED,UNVERIFIED,2
resoark,7,reso,ark,AVAILABLE,UNVERIFIED,UNVERIFIED,2
richear,7,rich,ear,AVAILABLE,UNVERIFIED,UNVERIFIED,2
silkaux,7,silk,aux,AVAILABLE,UNVERIFIED,UNVERIFIED,2
sincark,7,sinc,ark,AVAILABLE,UNVERIFIED,UNVERIFIED,2
sincaux,7,sinc,aux,AVAILABLE,UNVERIFIED,UNVERIFIED,2
sineark,7,sine,ark,AVAILABLE,UNVERIFIED,UNVERIFIED,2
sonears,7,son,ears,AVAILABLE,UNVERIFIED,UNVERIFIED,2
sonhifi,7,son,hifi,AVAILABLE,UNVERIFIED,UNVERIFIED,2
tonoark,7,tono,ark,AVAILABLE,UNVERIFIED,UNVERIFIED,2
trueaux,7,true,aux,AVAILABLE,UNVERIFIED,UNVERIFIED,2
tubearc,7,tube,arc,AVAILABLE,UNVERIFIED,UNVERIFIED,2
valvefi,7,valve,fi,AVAILABLE,UNVERIFIED,UNVERIFIED,2
warmaux,7,warm,aux,AVAILABLE,UNVERIFIED,UNVERIFIED,2
wattaux,7,watt,aux,AVAILABLE,UNVERIFIED,UNVERIFIED,2
wattear,7,watt,ear,AVAILABLE,UNVERIFIED,UNVERIFIED,2
waxears,7,wax,ears,AVAILABLE,UNVERIFIED,UNVERIFIED,2
waxhifi,7,wax,hifi,AVAILABLE,UNVERIFIED,UNVERIFIED,2
waxnode,7,wax,node,AVAILABLE,UNVERIFIED,UNVERIFIED,2
aurgram,7,aur,gram,AVAILABLE,UNVERIFIED,UNVERIFIED,3
cansbit,7,cans,bit,AVAILABLE,UNVERIFIED,UNVERIFIED,3
cansbox,7,cans,box,AVAILABLE,UNVERIFIED,UNVERIFIED,3
cansden,7,cans,den,AVAILABLE,UNVERIFIED,UNVERIFIED,3
canslux,7,cans,lux,AVAILABLE,UNVERIFIED,UNVERIFIED,3
dacgram,7,dac,gram,AVAILABLE,UNVERIFIED,UNVERIFIED,3
fiwerks,7,fi,werks,AVAILABLE,UNVERIFIED,UNVERIFIED,3
harmbar,7,harm,bar,AVAILABLE,UNVERIFIED,UNVERIFIED,3
harmden,7,harm,den,AVAILABLE,UNVERIFIED,UNVERIFIED,3
harmhub,7,harm,hub,AVAILABLE,UNVERIFIED,UNVERIFIED,3
harmkit,7,harm,kit,AVAILABLE,UNVERIFIED,UNVERIFIED,3
harmlux,7,harm,lux,AVAILABLE,UNVERIFIED,UNVERIFIED,3
harmvox,7,harm,vox,AVAILABLE,UNVERIFIED,UNVERIFIED,3
klangfi,7,klang,fi,AVAILABLE,UNVERIFIED,UNVERIFIED,3
lossbar,7,loss,bar,AVAILABLE,UNVERIFIED,UNVERIFIED,3
lossbit,7,loss,bit,AVAILABLE,UNVERIFIED,UNVERIFIED,3
lossden,7,loss,den,AVAILABLE,UNVERIFIED,UNVERIFIED,3
losskit,7,loss,kit,AVAILABLE,UNVERIFIED,UNVERIFIED,3
losslux,7,loss,lux,AVAILABLE,UNVERIFIED,UNVERIFIED,3
lossvox,7,loss,vox,AVAILABLE,UNVERIFIED,UNVERIFIED,3
noctbar,7,noct,bar,AVAILABLE,UNVERIFIED,UNVERIFIED,3
noctbit,7,noct,bit,AVAILABLE,UNVERIFIED,UNVERIFIED,3
noctbox,7,noct,box,AVAILABLE,UNVERIFIED,UNVERIFIED,3
nocthub,7,noct,hub,AVAILABLE,UNVERIFIED,UNVERIFIED,3
noctway,7,noct,way,AVAILABLE,UNVERIFIED,UNVERIFIED,3
octhifi,7,oct,hifi,AVAILABLE,UNVERIFIED,UNVERIFIED,3
octline,7,oct,line,AVAILABLE,UNVERIFIED,UNVERIFIED,3
ohmform,7,ohm,form,AVAILABLE,UNVERIFIED,UNVERIFIED,3
ohmmode,7,ohm,mode,AVAILABLE,UNVERIFIED,UNVERIFIED,3
sincbar,7,sinc,bar,AVAILABLE,UNVERIFIED,UNVERIFIED,3
sincbit,7,sinc,bit,AVAILABLE,UNVERIFIED,UNVERIFIED,3
sinchub,7,sinc,hub,AVAILABLE,UNVERIFIED,UNVERIFIED,3
sincvox,7,sinc,vox,AVAILABLE,UNVERIFIED,UNVERIFIED,3
wattden,7,watt,den,AVAILABLE,UNVERIFIED,UNVERIFIED,3
audioora,8,audio,ora,AVAILABLE,UNVERIFIED,UNVERIFIED,1
auralaux,8,aural,aux,AVAILABLE,UNVERIFIED,UNVERIFIED,1
decihifi,8,deci,hifi,AVAILABLE,UNVERIFIED,UNVERIFIED,1
etudeaux,8,etude,aux,AVAILABLE,UNVERIFIED,UNVERIFIED,1
hifiaura,8,hifi,aura,AVAILABLE,UNVERIFIED,UNVERIFIED,1
hifibyte,8,hifi,byte,AVAILABLE,UNVERIFIED,UNVERIFIED,1
hifimode,8,hifi,mode,AVAILABLE,UNVERIFIED,UNVERIFIED,1
kilohifi,8,kilo,hifi,AVAILABLE,UNVERIFIED,UNVERIFIED,1
resohifi,8,reso,hifi,AVAILABLE,UNVERIFIED,UNVERIFIED,1
sinehifi,8,sine,hifi,AVAILABLE,UNVERIFIED,UNVERIFIED,1
sonicaux,8,sonic,aux,AVAILABLE,UNVERIFIED,UNVERIFIED,1
sonohifi,8,sono,hifi,AVAILABLE,UNVERIFIED,UNVERIFIED,1
tapehifi,8,tape,hifi,AVAILABLE,UNVERIFIED,UNVERIFIED,1
vinylaux,8,vinyl,aux,AVAILABLE,UNVERIFIED,UNVERIFIED,1
audfield,8,aud,field,AVAILABLE,UNVERIFIED,UNVERIFIED,2
audforge,8,aud,forge,AVAILABLE,UNVERIFIED,UNVERIFIED,2
audhouse,8,aud,house,AVAILABLE,UNVERIFIED,UNVERIFIED,2
audmeter,8,aud,meter,AVAILABLE,UNVERIFIED,UNVERIFIED,2
audtones,8,aud,tones,AVAILABLE,UNVERIFIED,UNVERIFIED,2
audwaves,8,aud,waves,AVAILABLE,UNVERIFIED,UNVERIFIED,2
auxfield,8,aux,field,AVAILABLE,UNVERIFIED,UNVERIFIED,2
auxmeter,8,aux,meter,AVAILABLE,UNVERIFIED,UNVERIFIED,2
auxsense,8,aux,sense,AVAILABLE,UNVERIFIED,UNVERIFIED,2
auxsound,8,aux,sound,AVAILABLE,UNVERIFIED,UNVERIFIED,2
auxtones,8,aux,tones,AVAILABLE,UNVERIFIED,UNVERIFIED,2
auxwaves,8,aux,waves,AVAILABLE,UNVERIFIED,UNVERIFIED,2
clearaux,8,clear,aux,AVAILABLE,UNVERIFIED,UNVERIFIED,2
crispaux,8,crisp,aux,AVAILABLE,UNVERIFIED,UNVERIFIED,2
ditherfi,8,dither,fi,AVAILABLE,UNVERIFIED,UNVERIFIED,2
fiphonic,8,fi,phonic,AVAILABLE,UNVERIFIED,UNVERIFIED,2
flacaura,8,flac,aura,AVAILABLE,UNVERIFIED,UNVERIFIED,2
flacbyte,8,flac,byte,AVAILABLE,UNVERIFIED,UNVERIFIED,2
flaccast,8,flac,cast,AVAILABLE,UNVERIFIED,UNVERIFIED,2
flaccore,8,flac,core,AVAILABLE,UNVERIFIED,UNVERIFIED,2
flacdeck,8,flac,deck,AVAILABLE,UNVERIFIED,UNVERIFIED,2
flacdesk,8,flac,desk,AVAILABLE,UNVERIFIED,UNVERIFIED,2
flacears,8,flac,ears,AVAILABLE,UNVERIFIED,UNVERIFIED,2
flacform,8,flac,form,AVAILABLE,UNVERIFIED,UNVERIFIED,2
flacgear,8,flac,gear,AVAILABLE,UNVERIFIED,UNVERIFIED,2
flachaus,8,flac,haus,AVAILABLE,UNVERIFIED,UNVERIFIED,2
flachifi,8,flac,hifi,AVAILABLE,UNVERIFIED,UNVERIFIED,2
flaclabs,8,flac,labs,AVAILABLE,UNVERIFIED,UNVERIFIED,2
flacline,8,flac,line,AVAILABLE,UNVERIFIED,UNVERIFIED,2
flacloop,8,flac,loop,AVAILABLE,UNVERIFIED,UNVERIFIED,2
flacmode,8,flac,mode,AVAILABLE,UNVERIFIED,UNVERIFIED,2
flacnode,8,flac,node,AVAILABLE,UNVERIFIED,UNVERIFIED,2
flacpath,8,flac,path,AVAILABLE,UNVERIFIED,UNVERIFIED,2
flacroom,8,flac,room,AVAILABLE,UNVERIFIED,UNVERIFIED,2
flacsync,8,flac,sync,AVAILABLE,UNVERIFIED,UNVERIFIED,2
flacwerk,8,flac,werk,AVAILABLE,UNVERIFIED,UNVERIFIED,2
forteaux,8,forte,aux,AVAILABLE,UNVERIFIED,UNVERIFIED,2
hifiears,8,hifi,ears,AVAILABLE,UNVERIFIED,UNVERIFIED,2
hifiform,8,hifi,form,AVAILABLE,UNVERIFIED,UNVERIFIED,2
hifiport,8,hifi,port,AVAILABLE,UNVERIFIED,UNVERIFIED,2
hifiwerk,8,hifi,werk,AVAILABLE,UNVERIFIED,UNVERIFIED,2
klangaux,8,klang,aux,AVAILABLE,UNVERIFIED,UNVERIFIED,2
lossaura,8,loss,aura,AVAILABLE,UNVERIFIED,UNVERIFIED,2
lossears,8,loss,ears,AVAILABLE,UNVERIFIED,UNVERIFIED,2
omnihifi,8,omni,hifi,AVAILABLE,UNVERIFIED,UNVERIFIED,2
phonhifi,8,phon,hifi,AVAILABLE,UNVERIFIED,UNVERIFIED,2
planarfi,8,planar,fi,AVAILABLE,UNVERIFIED,UNVERIFIED,2
soundaux,8,sound,aux,AVAILABLE,UNVERIFIED,UNVERIFIED,2
valveaux,8,valve,aux,AVAILABLE,UNVERIFIED,UNVERIFIED,2
audgraph,8,aud,graph,AVAILABLE,UNVERIFIED,UNVERIFIED,3
audscape,8,aud,scape,AVAILABLE,UNVERIFIED,UNVERIFIED,3
audscope,8,aud,scope,AVAILABLE,UNVERIFIED,UNVERIFIED,3
audwerks,8,aud,werks,AVAILABLE,UNVERIFIED,UNVERIFIED,3
auxgraph,8,aux,graph,AVAILABLE,UNVERIFIED,UNVERIFIED,3
auxscape,8,aux,scape,AVAILABLE,UNVERIFIED,UNVERIFIED,3
auxscope,8,aux,scope,AVAILABLE,UNVERIFIED,UNVERIFIED,3
auxsmith,8,aux,smith,AVAILABLE,UNVERIFIED,UNVERIFIED,3
auxwerks,8,aux,werks,AVAILABLE,UNVERIFIED,UNVERIFIED,3
canshifi,8,cans,hifi,AVAILABLE,UNVERIFIED,UNVERIFIED,3
flacflow,8,flac,flow,AVAILABLE,UNVERIFIED,UNVERIFIED,3
flacgram,8,flac,gram,AVAILABLE,UNVERIFIED,UNVERIFIED,3
flacshop,8,flac,shop,AVAILABLE,UNVERIFIED,UNVERIFIED,3
harmhifi,8,harm,hifi,AVAILABLE,UNVERIFIED,UNVERIFIED,3
lossbyte,8,loss,byte,AVAILABLE,UNVERIFIED,UNVERIFIED,3
losscast,8,loss,cast,AVAILABLE,UNVERIFIED,UNVERIFIED,3
lossdeck,8,loss,deck,AVAILABLE,UNVERIFIED,UNVERIFIED,3
lossform,8,loss,form,AVAILABLE,UNVERIFIED,UNVERIFIED,3
lossgear,8,loss,gear,AVAILABLE,UNVERIFIED,UNVERIFIED,3
losshaus,8,loss,haus,AVAILABLE,UNVERIFIED,UNVERIFIED,3
losshifi,8,loss,hifi,AVAILABLE,UNVERIFIED,UNVERIFIED,3
lossmode,8,loss,mode,AVAILABLE,UNVERIFIED,UNVERIFIED,3
lossnode,8,loss,node,AVAILABLE,UNVERIFIED,UNVERIFIED,3
lossport,8,loss,port,AVAILABLE,UNVERIFIED,UNVERIFIED,3
lossroom,8,loss,room,AVAILABLE,UNVERIFIED,UNVERIFIED,3
losssync,8,loss,sync,AVAILABLE,UNVERIFIED,UNVERIFIED,3
losstone,8,loss,tone,AVAILABLE,UNVERIFIED,UNVERIFIED,3
losswerk,8,loss,werk,AVAILABLE,UNVERIFIED,UNVERIFIED,3
nocthifi,8,noct,hifi,AVAILABLE,UNVERIFIED,UNVERIFIED,3
silkhifi,8,silk,hifi,AVAILABLE,UNVERIFIED,UNVERIFIED,3
sinchifi,8,sinc,hifi,AVAILABLE,UNVERIFIED,UNVERIFIED,3
timbrefi,8,timbre,fi,AVAILABLE,UNVERIFIED,UNVERIFIED,3
warmhifi,8,warm,hifi,AVAILABLE,UNVERIFIED,UNVERIFIED,3
deciaudio,9,deci,audio,AVAILABLE,UNVERIFIED,UNVERIFIED,1
etudehifi,9,etude,hifi,AVAILABLE,UNVERIFIED,UNVERIFIED,1
hifimeter,9,hifi,meter,AVAILABLE,UNVERIFIED,UNVERIFIED,1
hifitones,9,hifi,tones,AVAILABLE,UNVERIFIED,UNVERIFIED,1
resoaudio,9,reso,audio,AVAILABLE,UNVERIFIED,UNVERIFIED,1
cansaudio,9,cans,audio,AVAILABLE,UNVERIFIED,UNVERIFIED,2
clearhifi,9,clear,hifi,AVAILABLE,UNVERIFIED,UNVERIFIED,2
ditheraux,9,dither,aux,AVAILABLE,UNVERIFIED,UNVERIFIED,2
flacfield,9,flac,field,AVAILABLE,UNVERIFIED,UNVERIFIED,2
flacforge,9,flac,forge,AVAILABLE,UNVERIFIED,UNVERIFIED,2
flachouse,9,flac,house,AVAILABLE,UNVERIFIED,UNVERIFIED,2
flacmeter,9,flac,meter,AVAILABLE,UNVERIFIED,UNVERIFIED,2
flacsense,9,flac,sense,AVAILABLE,UNVERIFIED,UNVERIFIED,2
flacsonic,9,flac,sonic,AVAILABLE,UNVERIFIED,UNVERIFIED,2
flacsound,9,flac,sound,AVAILABLE,UNVERIFIED,UNVERIFIED,2
flactones,9,flac,tones,AVAILABLE,UNVERIFIED,UNVERIFIED,2
flacwaves,9,flac,waves,AVAILABLE,UNVERIFIED,UNVERIFIED,2
fortehifi,9,forte,hifi,AVAILABLE,UNVERIFIED,UNVERIFIED,2
grooveaux,9,groove,aux,AVAILABLE,UNVERIFIED,UNVERIFIED,2
hificraft,9,hifi,craft,AVAILABLE,UNVERIFIED,UNVERIFIED,2
hififield,9,hifi,field,AVAILABLE,UNVERIFIED,UNVERIFIED,2
hififorge,9,hifi,forge,AVAILABLE,UNVERIFIED,UNVERIFIED,2
hifigraph,9,hifi,graph,AVAILABLE,UNVERIFIED,UNVERIFIED,2
hifiscape,9,hifi,scape,AVAILABLE,UNVERIFIED,UNVERIFIED,2
hifiscope,9,hifi,scope,AVAILABLE,UNVERIFIED,UNVERIFIED,2
hifisense,9,hifi,sense,AVAILABLE,UNVERIFIED,UNVERIFIED,2
hifismith,9,hifi,smith,AVAILABLE,UNVERIFIED,UNVERIFIED,2
hyperhifi,9,hyper,hifi,AVAILABLE,UNVERIFIED,UNVERIFIED,2
lossaudio,9,loss,audio,AVAILABLE,UNVERIFIED,UNVERIFIED,2
masteraux,9,master,aux,AVAILABLE,UNVERIFIED,UNVERIFIED,2
noctaudio,9,noct,audio,AVAILABLE,UNVERIFIED,UNVERIFIED,2
phonohifi,9,phono,hifi,AVAILABLE,UNVERIFIED,UNVERIFIED,2
planaraux,9,planar,aux,AVAILABLE,UNVERIFIED,UNVERIFIED,2
prestoaux,9,presto,aux,AVAILABLE,UNVERIFIED,UNVERIFIED,2
ribbonaux,9,ribbon,aux,AVAILABLE,UNVERIFIED,UNVERIFIED,2
sigmahifi,9,sigma,hifi,AVAILABLE,UNVERIFIED,UNVERIFIED,2
valvehifi,9,valve,hifi,AVAILABLE,UNVERIFIED,UNVERIFIED,2
auxphonic,9,aux,phonic,AVAILABLE,UNVERIFIED,UNVERIFIED,3
crisphifi,9,crisp,hifi,AVAILABLE,UNVERIFIED,UNVERIFIED,3
flaccraft,9,flac,craft,AVAILABLE,UNVERIFIED,UNVERIFIED,3
flacgraph,9,flac,graph,AVAILABLE,UNVERIFIED,UNVERIFIED,3
flacphile,9,flac,phile,AVAILABLE,UNVERIFIED,UNVERIFIED,3
flacscape,9,flac,scape,AVAILABLE,UNVERIFIED,UNVERIFIED,3
flacscope,9,flac,scope,AVAILABLE,UNVERIFIED,UNVERIFIED,3
flacsmith,9,flac,smith,AVAILABLE,UNVERIFIED,UNVERIFIED,3
flacwerks,9,flac,werks,AVAILABLE,UNVERIFIED,UNVERIFIED,3
flacworks,9,flac,works,AVAILABLE,UNVERIFIED,UNVERIFIED,3
hifiwerks,9,hifi,werks,AVAILABLE,UNVERIFIED,UNVERIFIED,3
lossfield,9,loss,field,AVAILABLE,UNVERIFIED,UNVERIFIED,3
lossforge,9,loss,forge,AVAILABLE,UNVERIFIED,UNVERIFIED,3
losshouse,9,loss,house,AVAILABLE,UNVERIFIED,UNVERIFIED,3
losssense,9,loss,sense,AVAILABLE,UNVERIFIED,UNVERIFIED,3
losssonic,9,loss,sonic,AVAILABLE,UNVERIFIED,UNVERIFIED,3
losssound,9,loss,sound,AVAILABLE,UNVERIFIED,UNVERIFIED,3
losswerks,9,loss,werks,AVAILABLE,UNVERIFIED,UNVERIFIED,3
plinthaux,9,plinth,aux,AVAILABLE,UNVERIFIED,UNVERIFIED,3
ditherhifi,10,dither,hifi,AVAILABLE,UNVERIFIED,UNVERIFIED,2
hifiphonic,10,hifi,phonic,AVAILABLE,UNVERIFIED,UNVERIFIED,2
klangaudio,10,klang,audio,AVAILABLE,UNVERIFIED,UNVERIFIED,2
planarhifi,10,planar,hifi,AVAILABLE,UNVERIFIED,UNVERIFIED,2
prestohifi,10,presto,hifi,AVAILABLE,UNVERIFIED,UNVERIFIED,2
ribbonhifi,10,ribbon,hifi,AVAILABLE,UNVERIFIED,UNVERIFIED,2
flacphonic,10,flac,phonic,AVAILABLE,UNVERIFIED,UNVERIFIED,3
losslessfi,10,lossless,fi,AVAILABLE,UNVERIFIED,UNVERIFIED,3
timbrehifi,10,timbre,hifi,AVAILABLE,UNVERIFIED,UNVERIFIED,3
ribbonaudio,11,ribbon,audio,AVAILABLE,UNVERIFIED,UNVERIFIED,2
losslessarc,11,lossless,arc,AVAILABLE,UNVERIFIED,UNVERIFIED,3
losslessark,11,lossless,ark,AVAILABLE,UNVERIFIED,UNVERIFIED,3
losslessaux,11,lossless,aux,AVAILABLE,UNVERIFIED,UNVERIFIED,3
losslessbar,11,lossless,bar,AVAILABLE,UNVERIFIED,UNVERIFIED,3
losslessbit,11,lossless,bit,AVAILABLE,UNVERIFIED,UNVERIFIED,3
losslessden,11,lossless,den,AVAILABLE,UNVERIFIED,UNVERIFIED,3
losslessear,11,lossless,ear,AVAILABLE,UNVERIFIED,UNVERIFIED,3
losslessera,11,lossless,era,AVAILABLE,UNVERIFIED,UNVERIFIED,3
losslesshub,11,lossless,hub,AVAILABLE,UNVERIFIED,UNVERIFIED,3
losslesskit,11,lossless,kit,AVAILABLE,UNVERIFIED,UNVERIFIED,3
losslesslab,11,lossless,lab,AVAILABLE,UNVERIFIED,UNVERIFIED,3
losslesslux,11,lossless,lux,AVAILABLE,UNVERIFIED,UNVERIFIED,3
losslessora,11,lossless,ora,AVAILABLE,UNVERIFIED,UNVERIFIED,3
losslessvox,11,lossless,vox,AVAILABLE,UNVERIFIED,UNVERIFIED,3
losslessway,11,lossless,way,AVAILABLE,UNVERIFIED,UNVERIFIED,3
plinthaudio,11,plinth,audio,AVAILABLE,UNVERIFIED,UNVERIFIED,3
losslessaura,12,lossless,aura,AVAILABLE,UNVERIFIED,UNVERIFIED,3
losslessbyte,12,lossless,byte,AVAILABLE,UNVERIFIED,UNVERIFIED,3
losslesscast,12,lossless,cast,AVAILABLE,UNVERIFIED,UNVERIFIED,3
losslesscore,12,lossless,core,AVAILABLE,UNVERIFIED,UNVERIFIED,3
losslessdeck,12,lossless,deck,AVAILABLE,UNVERIFIED,UNVERIFIED,3
losslessdesk,12,lossless,desk,AVAILABLE,UNVERIFIED,UNVERIFIED,3
losslessears,12,lossless,ears,AVAILABLE,UNVERIFIED,UNVERIFIED,3
losslessform,12,lossless,form,AVAILABLE,UNVERIFIED,UNVERIFIED,3
losslessgear,12,lossless,gear,AVAILABLE,UNVERIFIED,UNVERIFIED,3
losslesshaus,12,lossless,haus,AVAILABLE,UNVERIFIED,UNVERIFIED,3
losslesshifi,12,lossless,hifi,AVAILABLE,UNVERIFIED,UNVERIFIED,3
losslessline,12,lossless,line,AVAILABLE,UNVERIFIED,UNVERIFIED,3
losslessloop,12,lossless,loop,AVAILABLE,UNVERIFIED,UNVERIFIED,3
losslessmode,12,lossless,mode,AVAILABLE,UNVERIFIED,UNVERIFIED,3
losslessnode,12,lossless,node,AVAILABLE,UNVERIFIED,UNVERIFIED,3
losslesspath,12,lossless,path,AVAILABLE,UNVERIFIED,UNVERIFIED,3
losslessport,12,lossless,port,AVAILABLE,UNVERIFIED,UNVERIFIED,3
losslessroom,12,lossless,room,AVAILABLE,UNVERIFIED,UNVERIFIED,3
losslesstone,12,lossless,tone,AVAILABLE,UNVERIFIED,UNVERIFIED,3
losslesswave,12,lossless,wave,AVAILABLE,UNVERIFIED,UNVERIFIED,3
losslesswerk,12,lossless,werk,AVAILABLE,UNVERIFIED,UNVERIFIED,3
losslessfield,13,lossless,field,AVAILABLE,UNVERIFIED,UNVERIFIED,3
losslessforge,13,lossless,forge,AVAILABLE,UNVERIFIED,UNVERIFIED,3
losslesshouse,13,lossless,house,AVAILABLE,UNVERIFIED,UNVERIFIED,3
losslessmeter,13,lossless,meter,AVAILABLE,UNVERIFIED,UNVERIFIED,3
losslesssense,13,lossless,sense,AVAILABLE,UNVERIFIED,UNVERIFIED,3
losslesssonic,13,lossless,sonic,AVAILABLE,UNVERIFIED,UNVERIFIED,3
losslesstones,13,lossless,tones,AVAILABLE,UNVERIFIED,UNVERIFIED,3
losslesswaves,13,lossless,waves,AVAILABLE,UNVERIFIED,UNVERIFIED,3
losslesswerks,13,lossless,werks,AVAILABLE,UNVERIFIED,UNVERIFIED,3
losslessworks,13,lossless,works,AVAILABLE,UNVERIFIED,UNVERIFIED,3
